"행정구역","2015년_총인구수","2015년_세대수","2015년_세대당 인구","2015년_남자 인구수","2015년_여자 인구수","2015년_남여 비율","2016년_총인구수","2016년_세대수","2016년_세대당 인구","2016년_남자 인구수","2016년_여자 인구수","2016년_남여 비율","2017년_총인구수","2017년_세대수","2017년_세대당 인구","2017년_남자 인구수","2017년_여자 인구수","2017년_남여 비율","2018년_총인구수","2018년_세대수","2018년_세대당 인구","2018년_남자 인구수","2018년_여자 인구수","2018년_남여 비율","2019년_총인구수","2019년_세대수","2019년_세대당 인구","2019년_남자 인구수","2019년_여자 인구수","2019년_남여 비율","2020년_총인구수","2020년_세대수","2020년_세대당 인구","2020년_남자 인구수","2020년_여자 인구수","2020년_남여 비율","2021년_총인구수","2021년_세대수","2021년_세대당 인구","2021년_남자 인구수","2021년_여자 인구수","2021년_남여 비율","2022년_총인구수","2022년_세대수","2022년_세대당 인구","2022년_남자 인구수","2022년_여자 인구수","2022년_남여 비율","2023년_총인구수","2023년_세대수","2023년_세대당 인구","2023년_남자 인구수","2023년_여자 인구수","2023년_남여 비율","2024년_총인구수","2024년_세대수","2024년_세대당 인구","2024년_남자 인구수","2024년_여자 인구수","2024년_남여 비율"
"전국  (1000000000)","51,529,338","21,011,152","          2.45","25,758,186","25,771,152","          1.00","51,696,216","21,294,009","          2.43","25,827,594","25,868,622","          1.00","51,778,544","21,632,851","          2.39","25,855,919","25,922,625","          1.00","51,826,059","22,042,947","          2.35","25,866,129","25,959,930","          1.00","51,849,861","22,481,466","          2.31","25,864,816","25,985,045","          1.00","51,829,023","23,093,108","          2.24","25,841,029","25,987,994","          0.99","51,638,809","23,472,895","          2.20","25,746,684","25,892,125","          0.99","51,439,038","23,705,814","          2.17","25,636,951","25,802,087","          0.99","51,325,329","23,914,851","          2.15","25,565,736","25,759,593","          0.99","51,217,221","24,118,928","          2.12","25,498,324","25,718,897","          0.99"
"서울특별시  (1100000000)","10,022,181","4,189,948","          2.39","4,930,943","5,091,238","          0.97","9,930,616","4,189,839","          2.37","4,876,789","5,053,827","          0.96","9,857,426","4,220,082","          2.34","4,830,206","5,027,220","          0.96","9,765,623","4,263,868","          2.29","4,773,899","4,991,724","          0.96","9,729,107","4,327,605","          2.25","4,744,059","4,985,048","          0.95","9,668,465","4,417,954","          2.19","4,701,723","4,966,742","          0.95","9,509,458","4,426,007","          2.15","4,618,040","4,891,418","          0.94","9,428,372","4,446,296","          2.12","4,570,048","4,858,324","          0.94","9,386,034","4,469,417","          2.10","4,540,031","4,846,003","          0.94","9,331,828","4,482,063","          2.08","4,505,355","4,826,473","          0.93"
"부산광역시  (2600000000)","3,513,777","1,437,818","          2.44","1,735,570","1,778,207","          0.98","3,498,529","1,451,270","          2.41","1,725,607","1,772,922","          0.97","3,470,653","1,467,555","          2.36","1,709,508","1,761,145","          0.97","3,441,453","1,480,468","          2.32","1,692,421","1,749,032","          0.97","3,413,841","1,497,908","          2.28","1,675,417","1,738,424","          0.96","3,391,946","1,530,431","          2.22","1,661,000","1,730,946","          0.96","3,350,380","1,544,663","          2.17","1,639,044","1,711,336","          0.96","3,317,812","1,555,867","          2.13","1,619,915","1,697,897","          0.95","3,293,362","1,564,588","          2.10","1,605,431","1,687,931","          0.95","3,266,598","1,570,403","          2.08","1,589,912","1,676,686","          0.95"
"대구광역시  (2700000000)","2,487,829","982,360","          2.53","1,237,291","1,250,538","          0.99","2,484,557","994,220","          2.50","1,234,169","1,250,388","          0.99","2,475,231","1,006,753","          2.46","1,227,814","1,247,417","          0.98","2,461,769","1,021,266","          2.41","1,219,342","1,242,427","          0.98","2,438,031","1,031,251","          2.36","1,205,286","1,232,745","          0.98","2,418,346","1,056,627","          2.29","1,193,109","1,225,237","          0.97","2,385,412","1,063,893","          2.24","1,175,632","1,209,780","          0.97","2,363,691","1,070,873","          2.21","1,162,865","1,200,826","          0.97","2,374,960","1,094,148","          2.17","1,166,803","1,208,157","          0.97","2,363,629","1,104,130","          2.14","1,159,601","1,204,028","          0.96"
"인천광역시  (2800000000)","2,925,815","1,154,004","          2.54","1,469,869","1,455,946","          1.01","2,943,069","1,171,399","          2.51","1,477,671","1,465,398","          1.01","2,948,542","1,188,917","          2.48","1,479,597","1,468,945","          1.01","2,954,642","1,213,201","          2.44","1,481,844","1,472,798","          1.01","2,957,026","1,238,641","          2.39","1,482,249","1,474,777","          1.01","2,942,828","1,267,956","          2.32","1,473,943","1,468,885","          1.00","2,948,375","1,298,647","          2.27","1,476,373","1,472,002","          1.00","2,967,314","1,322,632","          2.24","1,485,175","1,482,139","          1.00","2,997,410","1,350,912","          2.22","1,499,016","1,498,394","          1.00","3,021,010","1,373,827","          2.20","1,509,243","1,511,767","          1.00"
"광주광역시  (2900000000)","1,472,199","580,427","          2.54","729,662","742,537","          0.98","1,469,214","586,464","          2.51","728,137","741,077","          0.98","1,463,770","592,818","          2.47","725,295","738,475","          0.98","1,459,336","603,107","          2.42","722,581","736,755","          0.98","1,456,468","616,485","          2.36","720,740","735,728","          0.98","1,450,062","633,582","          2.29","717,348","732,714","          0.98","1,441,611","645,712","          2.23","713,015","728,596","          0.98","1,431,050","652,355","          2.19","707,299","723,751","          0.98","1,419,237","655,433","          2.17","700,896","718,341","          0.98","1,408,422","658,075","          2.14","695,224","713,198","          0.97"
"대전광역시  (3000000000)","1,518,775","597,008","          2.54","759,778","758,997","          1.00","1,514,370","606,137","          2.50","757,289","757,081","          1.00","1,502,227","614,639","          2.44","750,969","751,258","          1.00","1,489,936","624,965","          2.38","744,338","745,598","          1.00","1,474,870","635,343","          2.32","736,607","738,263","          1.00","1,463,882","652,783","          2.24","730,699","733,183","          1.00","1,452,251","664,417","          2.19","724,626","727,625","          1.00","1,446,072","673,429","          2.15","721,245","724,827","          1.00","1,442,216","680,261","          2.12","719,292","722,924","          0.99","1,439,157","687,757","          2.09","717,291","721,866","          0.99"
"울산광역시  (3100000000)","1,173,534","451,688","          2.60","604,889","568,645","          1.06","1,172,304","455,352","          2.57","603,797","568,507","          1.06","1,165,132","458,547","          2.54","599,480","565,652","          1.06","1,155,623","461,756","          2.50","593,819","561,804","          1.06","1,148,019","468,659","          2.45","589,712","558,307","          1.06","1,136,017","476,893","          2.38","583,708","552,309","          1.06","1,121,592","482,650","          2.32","576,217","545,375","          1.06","1,110,663","486,143","          2.28","570,368","540,295","          1.06","1,103,661","490,690","          2.25","567,153","536,508","          1.06","1,098,049","495,378","          2.22","564,888","533,161","          1.06"
"세종특별자치시  (3600000000)","210,884","81,806","          2.58","105,752","105,132","          1.01","243,048","94,343","          2.58","121,505","121,543","          1.00","280,100","109,490","          2.56","139,734","140,366","          1.00","314,126","123,762","          2.54","156,831","157,295","          1.00","340,575","135,408","          2.52","169,845","170,730","          0.99","355,831","144,275","          2.47","177,568","178,263","          1.00","371,895","153,649","          2.42","185,678","186,217","          1.00","383,591","159,386","          2.41","191,389","192,202","          1.00","386,525","160,835","          2.40","192,524","194,001","          0.99","390,685","163,432","          2.39","194,413","196,272","          0.99"
"경기도  (4100000000)","12,522,606","4,885,012","          2.56","6,299,812","6,222,794","          1.01","12,716,780","5,003,406","          2.54","6,395,453","6,321,327","          1.01","12,873,895","5,131,379","          2.51","6,475,323","6,398,572","          1.01","13,077,153","5,306,214","          2.46","6,577,501","6,499,652","          1.01","13,239,666","5,468,920","          2.42","6,659,995","6,579,671","          1.01","13,427,014","5,676,401","          2.37","6,754,469","6,672,545","          1.01","13,565,450","5,841,995","          2.32","6,827,298","6,738,152","          1.01","13,589,432","5,913,694","          2.30","6,839,276","6,750,156","          1.01","13,630,821","5,978,724","          2.28","6,855,895","6,774,926","          1.01","13,694,685","6,058,202","          2.26","6,882,186","6,812,499","          1.01"
"강원도  (4200000000)","1,549,507","685,005","          2.26","781,434","768,073","          1.02","1,550,806","692,254","          2.24","781,146","769,660","          1.01","1,550,142","700,265","          2.21","780,635","769,507","          1.01","1,543,052","707,245","          2.18","776,456","766,596","          1.01","1,541,502","719,524","          2.14","775,386","766,116","          1.01","1,542,840","736,301","          2.10","776,505","766,335","          1.01","1,538,492","746,220","          2.06","774,332","764,160","          1.01","1,536,498","755,481","          2.03","772,947","763,551","          1.01","","","","","","","","","","","",""
"강원특별자치도  (5100000000)","0","0","          0.00","0","0","          0.00","","","","","","","","","","","","","","","","","","","","","","","","","","","","","","","","","","","","","","","","","","","1,527,807","760,635","          2.01","768,449","759,358","          1.01","1,517,766","764,834","          1.98","763,025","754,741","          1.01"
"충청북도  (4300000000)","1,583,952","669,503","          2.37","798,896","785,056","          1.02","1,591,625","680,960","          2.34","803,240","788,385","          1.02","1,594,432","692,140","          2.30","805,091","789,341","          1.02","1,599,252","707,220","          2.26","808,971","790,281","          1.02","1,600,007","722,123","          2.22","810,384","789,623","          1.03","1,600,837","745,644","          2.15","811,591","789,246","          1.03","1,597,427","760,672","          2.10","810,672","786,755","          1.03","1,595,058","771,848","          2.07","810,782","784,276","          1.03","1,593,469","779,967","          2.04","810,448","783,021","          1.04","1,591,177","787,756","          2.02","809,920","781,257","          1.04"
"충청남도  (4400000000)","2,077,649","885,968","          2.35","1,054,439","1,023,210","          1.03","2,096,727","902,294","          2.32","1,064,765","1,031,962","          1.03","2,116,770","923,499","          2.29","1,076,270","1,040,500","          1.03","2,126,282","943,611","          2.25","1,082,009","1,044,273","          1.04","2,123,709","959,255","          2.21","1,081,938","1,041,771","          1.04","2,121,029","983,153","          2.16","1,082,634","1,038,395","          1.04","2,119,257","1,001,915","          2.12","1,083,366","1,035,891","          1.05","2,123,037","1,019,093","          2.08","1,086,632","1,036,405","          1.05","2,130,119","1,035,449","          2.06","1,091,570","1,038,549","          1.05","2,136,574","1,052,129","          2.03","1,096,128","1,040,446","          1.05"
"전라북도  (4500000000)","1,869,711","782,986","          2.39","930,255","939,456","          0.99","1,864,791","790,084","          2.36","927,505","937,286","          0.99","1,854,607","797,916","          2.32","922,307","932,300","          0.99","1,836,832","806,235","          2.28","913,297","923,535","          0.99","1,818,917","816,191","          2.23","904,110","914,807","          0.99","1,804,104","836,660","          2.16","896,874","907,230","          0.99","1,786,855","849,001","          2.10","888,994","897,861","          0.99","1,769,607","855,849","          2.07","880,592","889,015","          0.99","1,754,757","861,193","          2.04","873,419","881,338","          0.99","","","","","",""
"전북특별자치도  (5200000000)","0","0","          0.00","0","0","          0.00","","","","","","","","","","","","","","","","","","","","","","","","","","","","","","","","","","","","","","","","","","","","","","","","","1,738,690","864,608","          2.01","866,030","872,660","          0.99"
"전라남도  (4600000000)","1,908,996","833,901","          2.29","953,881","955,115","          1.00","1,903,914","842,688","          2.26","951,889","952,025","          1.00","1,896,424","851,376","          2.23","948,290","948,134","          1.00","1,882,970","860,303","          2.19","943,000","939,970","          1.00","1,868,745","872,628","          2.14","937,674","931,071","          1.01","1,851,549","893,152","          2.07","930,615","920,934","          1.01","1,832,803","903,108","          2.03","922,221","910,582","          1.01","1,817,697","907,710","          2.00","915,272","902,425","          1.01","1,804,217","911,442","          1.98","909,548","894,669","          1.02","1,788,819","912,412","          1.96","902,380","886,439","          1.02"
"경상북도  (4700000000)","2,702,826","1,169,648","          2.31","1,357,306","1,345,520","          1.01","2,700,398","1,180,643","          2.29","1,356,868","1,343,530","          1.01","2,691,706","1,193,261","          2.26","1,353,164","1,338,542","          1.01","2,676,831","1,207,351","          2.22","1,346,689","1,330,142","          1.01","2,665,836","1,227,548","          2.17","1,342,037","1,323,799","          1.01","2,639,422","1,254,662","          2.10","1,329,211","1,310,211","          1.01","2,626,609","1,276,846","          2.06","1,323,661","1,302,948","          1.02","2,600,492","1,286,873","          2.02","1,311,881","1,288,611","          1.02","2,554,324","1,282,500","          1.99","1,290,298","1,264,026","          1.02","2,531,384","1,291,568","          1.96","1,280,547","1,250,837","          1.02"
"경상남도  (4800000000)","3,364,702","1,367,142","          2.46","1,694,981","1,669,721","          1.02","3,373,871","1,385,684","          2.43","1,699,219","1,674,652","          1.01","3,380,404","1,406,011","          2.40","1,701,413","1,678,991","          1.01","3,373,988","1,425,271","          2.37","1,697,412","1,676,576","          1.01","3,362,553","1,450,822","          2.32","1,692,032","1,670,521","          1.01","3,340,216","1,484,601","          2.25","1,681,423","1,658,793","          1.01","3,314,183","1,505,971","          2.20","1,668,338","1,645,845","          1.01","3,280,493","1,516,930","          2.16","1,651,675","1,628,818","          1.01","3,251,158","1,525,502","          2.13","1,636,987","1,614,171","          1.01","3,228,380","1,537,492","          2.10","1,626,926","1,601,454","          1.02"
"제주특별자치도  (5000000000)","624,395","256,928","          2.43","313,428","310,967","          1.01","641,597","266,972","          2.40","322,545","319,052","          1.01","657,083","278,203","          2.36","330,823","326,260","          1.01","667,191","287,104","          2.32","335,719","331,472","          1.01","670,989","293,155","          2.29","337,345","333,644","          1.01","674,635","302,033","          2.23","338,609","336,026","          1.01","676,759","307,529","          2.20","339,177","337,582","          1.00","678,159","311,355","          2.18","339,590","338,569","          1.00","675,252","313,155","          2.16","337,976","337,276","          1.00","670,368","314,862","          2.13","335,255","335,113","          1.00"
